{
  "Season": {
    "DA Warner": 144.53542185831256,
    "S Dhawan": 123.96155166495022,
    "MC Henriques": 129.7476759628154,
    "Yuvraj Singh": 132.6385358413828,
    "DJ Hooda": 138.7218045112782,
    "BCJ Cutting": 192.42424242424244,
    "CH Gayle": 154.8454469507101,
    "Mandeep Singh": 123.52941176470588,
    "TM Head": 139.45578231292518,
    "KM Jadhav": 136.48854961832063,
    "SR Watson": 140.74270557029178,
    "Sachin Baby": 138.3838383838384,
    "STR Binny": 129.02155887230512,
    "S Aravind": 108.77192982456141,
    "YS Chahal": 53.57142857142857,
    "TS Mills": 81.81818181818183,
    "A Choudhary": 125,
    "PA Patel": 120.74898785425101,
    "JC Buttler": 148.06629834254144,
    "RG Sharma": 132.18857321261316,
    "N Rana": 129.67359050445106,
    "AT Rayudu": 128.26428945988465,
    "KH Pandya": 161.7161716171617,
    "KA Pollard": 150.18820577164368,
    "HH Pandya": 146.09929078014184,
    "TG Southee": 158.8235294117647,
    "AM Rahane": 122.71829316475701,
    "MA Agarwal": 125.1908396946565,
    "SPD Smith": 132.84161490683232,
    "BA Stokes": 143.89140271493213,
    "MS Dhoni": 140.0308522946394,
    "JJ Roy": 147.5,
    "BB McCullum": 134.0354236476783,
    "SK Raina": 140.97200861273453,
    "AJ Finch": 134.66557911908646,
    "KD Karthik": 128.34782608695653,
    "G Gambhir": 127.25347852389595,
    "CA Lynn": 159.75103734439836,
    "MK Tiwary": 119.28571428571428,
    "DT Christian": 123.3038348082596,
    "HM Amla": 144.08866995073893,
    "M Vohra": 135,
    "WP Saha": 133.44537815126048,
    "AR Patel": 128.75264270613107,
    "GJ Maxwell": 170.0268817204301,
    "DA Miller": 144.91833030852993,
    "Vishnu Vinod": 73.07692307692307,
    "Iqbal Abdulla": 112.19512195121952,
    "P Negi": 134.68634686346863,
    "AP Tare": 127.5735294117647,
    "SW Billings": 140.36144578313252,
    "KK Nair": 129.23076923076923,
    "SV Samson": 126.13636363636364,
    "RR Pant": 152.41935483870967,
    "CH Morris": 164.77272727272728,
    "CR Brathwaite": 184.9056603773585,
    "PJ Cummins": 143.63636363636363,
    "A Mishra": 96.95290858725761,
    "S Nadeem": 40,
    "Z Khan": 85,
    "DR Smith": 139.65811965811966,
    "DS Kulkarni": 95.83333333333334,
    "P Kumar": 110.57692307692308,
    "Basil Thampi": 107.14285714285714,
    "RV Uthappa": 135.2014010507881,
    "MK Pandey": 122.05323193916351,
    "YK Pathan": 148.54124748490946,
    "SA Yadav": 132.97180043383946,
    "CR Woakes": 97.87234042553192,
    "SP Narine": 151.6304347826087,
    "Harbhajan Singh": 145.78096947935367,
    "AB de Villiers": 150.42735042735043,
    "CJ Anderson": 131.8295739348371,
    "F du Plessis": 129.27794263105835,
    "RA Tripathi": 150.93632958801498,
    "R Bhatia": 122.88732394366197,
    "DL Chahar": 233.33333333333334,
    "A Zampa": 62.5,
    "AB Dinda": 58.333333333333336,
    "Imran Tahir": 72,
    "NV Ojha": 120.01533742331287,
    "V Shankar": 134.66666666666666,
    "Rashid Khan": 133.33333333333331,
    "B Kumar": 102.54777070063695,
    "MP Stoinis": 127.27272727272727,
    "MM Sharma": 110.78431372549021,
    "VR Aaron": 83.33333333333334,
    "V Kohli": 131.29051266941661,
    "MJ McClenaghan": 143.1818181818182,
    "Ankit Sharma": 129.8507462686567,
    "SN Thakur": 77.77777777777779,
    "RD Chahar": 150,
    "LH Ferguson": 100,
    "C de Grandhomme": 141.30434782608697,
    "Bipul Sharma": 153.65853658536585,
    "SS Iyer": 130.14354066985646,
    "EJG Morgan": 125.81560283687942,
    "KC Cariappa": 83.33333333333334,
    "Sandeep Sharma": 76.47058823529412,
    "Ishan Kishan": 131.70731707317074,
    "JD Unadkat": 46.15384615384615,
    "AF Milne": 58.333333333333336,
    "S Badree": 56.52173913043478,
    "AD Mathews": 127.92321116928447,
    "Mohammed Shami": 106.66666666666667,
    "Mohammad Nabi": 66.66666666666666,
    "I Sharma": 81.03448275862068,
    "RA Jadeja": 125.35714285714286,
    "AJ Tye": 186.20689655172413,
    "KS Williamson": 135.01577287066246,
    "SE Marsh": 136.17363344051446,
    "Shakib Al Hasan": 134.81675392670155,
    "JP Faulkner": 137.66233766233768,
    "MG Johnson": 103.26797385620917,
    "K Rabada": 87.5,
    "AD Nath": 71.42857142857143,
    "NM Coulter-Nile": 104,
    "Kuldeep Yadav": 90.9090909090909,
    "UT Yadav": 104.44444444444446,
    "Washington Sundar": 100,
    "KV Sharma": 120.43795620437956,
    "DM Bravo": 120,
    "AR Bawne": 100,
    "SP Jackson": 122.58064516129032,
    "MJ Guptill": 131.69014084507043,
    "Anureet Singh": 83.72093023255815,
    "IK Pathan": 126.82154171066526,
    "Ankit Soni": 100,
    "JJ Bumrah": 96.15384615384616,
    "SL Malinga": 91.91919191919192,
    "PJ Sangwan": 71.42857142857143,
    "S Kaul": 69.23076923076923,
    "LMP Simmons": 129.24528301886792,
    "MN Samuels": 100,
    "Swapnil Singh": 60,
    "R Tewatia": 162.5,
    "MM Patel": 97.5609756097561,
    "SS Tiwary": 121.73913043478262,
    "TA Boult": 62.5,
    "CJ Jordan": 80,
    "IR Jaggi": 80.41237113402062,
    "PP Chawla": 117.51662971175165,
    "AS Rajpoot": 46.15384615384615,
    "SC Ganguly": 109.38743038981701,
    "RT Ponting": 79.6875,
    "DJ Hussey": 125.23364485981307,
    "Mohammad Hafeez": 81.92771084337349,
    "R Dravid": 117.99787007454738,
    "W Jaffer": 108.26446280991735,
    "JH Kallis": 111.29688206055128,
    "CL White": 128.66578599735797,
    "MV Boucher": 129.6416938110749,
    "B Akhil": 141.8181818181818,
    "AA Noffke": 90,
    "SB Joshi": 42.857142857142854,
    "ML Hayden": 142.17772215269088,
    "MEK Hussey": 125.527950310559,
    "JDP Oram": 100,
    "S Badrinath": 121.8543046357616,
    "K Goel": 97.83549783549783,
    "JR Hopes": 137.37704918032787,
    "KC Sangakkara": 124.18772563176897,
    "SM Katich": 133.51351351351352,
    "T Kohli": 57.89473684210527,
    "M Kaif": 107.2289156626506,
    "DS Lehmann": 105.55555555555556,
    "M Rawat": 84.05797101449275,
    "D Salunkhe": 137.5,
    "SK Warne": 94.83568075117371,
    "SK Trivedi": 72.41379310344827,
    "V Sehwag": 160.28735632183907,
    "L Ronchi": 100,
    "ST Jayasuriya": 147.25897920604916,
    "DJ Thornely": 98.11320754716981,
    "PR Shah": 106.66666666666667,
    "AM Nayar": 121.29144851657941,
    "SM Pollock": 134.23423423423424,
    "S Chanderpaul": 80.64516129032258,
    "LRPL Taylor": 127.62836185819071,
    "AC Gilchrist": 142.27916385704654,
    "Y Venugopal Rao": 120.55288461538463,
    "VVS Laxman": 107.14285714285714,
    "A Symonds": 132.48322147651007,
    "SB Styris": 103.78787878787878,
    "AS Yadav": 130.76923076923077,
    "SB Bangar": 91.37931034482759,
    "WPUJC Vaas": 106.94444444444444,
    "RP Singh": 75,
    "LR Shukla": 120,
    "DPMD Jayawardene": 125.9233926128591,
    "S Sohal": 129.41176470588235,
    "B Lee": 131.25,
    "WA Mota": 82.66666666666667,
    "Kamran Akmal": 164.93506493506493,
    "Shahid Afridi": 178.26086956521738,
    "DJ Bravo": 129.63709677419354,
    "MA Khote": 122.72727272727273,
    "A Nehra": 73.33333333333333,
    "GC Smith": 112.80120481927712,
    "Pankaj Singh": 58.333333333333336,
    "RR Sarwan": 98.66666666666667,
    "S Sreesanth": 76.36363636363637,
    "VRV Singh": 166.66666666666669,
    "R Vinay Kumar": 115.12915129151291,
    "AB Agarkar": 120.52980132450331,
    "M Kartik": 106.54205607476635,
    "Shoaib Malik": 113.04347826086956,
    "MF Maharoof": 146.34146341463415,
    "VY Mahesh": 59.25925925925925,
    "TM Srivastava": 72.72727272727273,
    "B Chipli": 114.39999999999999,
    "DW Steyn": 110.75949367088607,
    "DB Das": 120.76923076923076,
    "HH Gibbs": 113.66459627329193,
    "DNT Zoysa": 144.44444444444443,
    "D Kalyankrishna": 50,
    "SA Asnodkar": 131.4540059347181,
    "Sohail Tanvir": 125,
    "Salman Butt": 123.125,
    "BJ Hodge": 127.96762589928056,
    "Umar Gul": 231.57894736842107,
    "SP Fleming": 120.98765432098766,
    "S Vidyut": 136.69724770642202,
    "JA Morkel": 144.21669106881404,
    "LPC Silva": 161.53846153846155,
    "DB Ravi Teja": 123.17460317460318,